Conference Name,Speaker Name,Keywords,Summary
Data Science Summit,David Wilson,"machine learning, cybersecurity, IoT, data science, quantum","This talk covers aspects of quantum, machine learning, and data science. Key insights include the application of machine learning in real-world scenarios."
Quantum Computing Conference,Alice Johnson,"quantum, machine learning, cybersecurity, data science, IoT","This talk covers aspects of quantum, cybersecurity, and cloud. Key insights include the application of quantum in real-world scenarios."
Cloud Expo,Cathy Lee,"machine learning, quantum, robotics","This talk covers aspects of data science, cloud, and quantum. Key insights include the application of cloud in real-world scenarios."
Tech Innovate,Ella Martinez,"cybersecurity, data science, IoT, quantum","This talk covers aspects of machine learning, cybersecurity, and IoT. Key insights include the application of cybersecurity in real-world scenarios."
Quantum Computing Conference,Cathy Lee,"AI, data science, quantum, cloud, robotics","This talk covers aspects of IoT, data science, and cybersecurity. Key insights include the application of data science in real-world scenarios."
Quantum Computing Conference,David Wilson,"cloud, IoT, quantum","This talk covers aspects of quantum, AI, and robotics. Key insights include the application of robotics in real-world scenarios."
Data Science Summit,Bob Smith,"machine learning, AI","This talk covers aspects of cloud, robotics, and AI. Key insights include the application of AI in real-world scenarios."
Future AI,Bob Smith,"robotics, machine learning, cloud, quantum, AI","This talk covers aspects of data science, AI, and robotics. Key insights include the application of robotics in real-world scenarios."
Cloud Expo,Alice Johnson,"IoT, quantum, data science, machine learning, cybersecurity","This talk covers aspects of data science, robotics, and cybersecurity. Key insights include the application of robotics in real-world scenarios."
Cloud Expo,Ella Martinez,"cybersecurity, AI, cloud, quantum","This talk covers aspects of robotics, machine learning, and quantum. Key insights include the application of quantum in real-world scenarios."
Cloud Expo,Frank Brown,"cloud, data science, cybersecurity, AI, IoT","This talk covers aspects of cloud, robotics, and data science. Key insights include the application of data science in real-world scenarios."
Tech Innovate,Ella Martinez,"quantum, data science, machine learning","This talk covers aspects of cloud, AI, and data science. Key insights include the application of cloud in real-world scenarios."
Data Science Summit,Frank Brown,"machine learning, cloud, data science, AI, IoT","This talk covers aspects of cybersecurity, data science, and IoT. Key insights include the application of IoT in real-world scenarios."
Quantum Computing Conference,Ella Martinez,"AI, cloud, machine learning","This talk covers aspects of quantum, IoT, and machine learning. Key insights include the application of IoT in real-world scenarios."
Data Science Summit,Bob Smith,"quantum, machine learning, cloud","This talk covers aspects of machine learning, data science, and robotics. Key insights include the application of robotics in real-world scenarios."
Quantum Computing Conference,Bob Smith,"machine learning, AI, robotics","This talk covers aspects of data science, machine learning, and cybersecurity. Key insights include the application of data science in real-world scenarios."
Cloud Expo,Ella Martinez,"cybersecurity, machine learning, IoT, quantum, data science","This talk covers aspects of cybersecurity, quantum, and IoT. Key insights include the application of cybersecurity in real-world scenarios."
Future AI,Cathy Lee,"quantum, robotics","This talk covers aspects of quantum, AI, and machine learning. Key insights include the application of AI in real-world scenarios."
Future AI,David Wilson,"robotics, cloud","This talk covers aspects of machine learning, IoT, and data science. Key insights include the application of data science in real-world scenarios."
Tech Innovate,Alice Johnson,"AI, quantum, cybersecurity","This talk covers aspects of robotics, cloud, and AI. Key insights include the application of robotics in real-world scenarios."
Tech Innovate,Alice Johnson,"machine learning, quantum, robotics, data science, IoT","This talk covers aspects of quantum, IoT, and data science. Key insights include the application of IoT in real-world scenarios."
Cloud Expo,Bob Smith,"AI, IoT","This talk covers aspects of AI, robotics, and quantum. Key insights include the application of quantum in real-world scenarios."
Future AI,Bob Smith,"machine learning, data science, cybersecurity, IoT, AI","This talk covers aspects of data science, IoT, and quantum. Key insights include the application of IoT in real-world scenarios."
Data Science Summit,Bob Smith,"data science, cybersecurity, robotics","This talk covers aspects of quantum, AI, and cybersecurity. Key insights include the application of cybersecurity in real-world scenarios."
Cloud Expo,Alice Johnson,"cloud, data science, AI, cybersecurity, IoT","This talk covers aspects of cloud, cybersecurity, and data science. Key insights include the application of cybersecurity in real-world scenarios."
Quantum Computing Conference,Cathy Lee,"machine learning, data science, cloud, quantum, cybersecurity","This talk covers aspects of quantum, robotics, and machine learning. Key insights include the application of quantum in real-world scenarios."
Quantum Computing Conference,Alice Johnson,"IoT, machine learning, quantum, cybersecurity, data science","This talk covers aspects of cybersecurity, machine learning, and data science. Key insights include the application of cybersecurity in real-world scenarios."
Quantum Computing Conference,David Wilson,"machine learning, data science, AI","This talk covers aspects of cybersecurity, machine learning, and robotics. Key insights include the application of cybersecurity in real-world scenarios."
Future AI,Cathy Lee,"AI, IoT, machine learning, robotics","This talk covers aspects of data science, cybersecurity, and AI. Key insights include the application of cybersecurity in real-world scenarios."
Data Science Summit,Frank Brown,"cloud, quantum, data science, IoT","This talk covers aspects of robotics, IoT, and data science. Key insights include the application of data science in real-world scenarios."
Tech Innovate,Cathy Lee,"machine learning, cybersecurity","This talk covers aspects of AI, quantum, and machine learning. Key insights include the application of quantum in real-world scenarios."
Data Science Summit,Bob Smith,"AI, data science, IoT, quantum, machine learning","This talk covers aspects of cybersecurity, cloud, and quantum. Key insights include the application of quantum in real-world scenarios."
Future AI,David Wilson,"quantum, data science, cloud, machine learning","This talk covers aspects of cybersecurity, IoT, and AI. Key insights include the application of IoT in real-world scenarios."
Quantum Computing Conference,Alice Johnson,"data science, IoT","This talk covers aspects of data science, robotics, and IoT. Key insights include the application of data science in real-world scenarios."
Future AI,Bob Smith,"IoT, cloud","This talk covers aspects of IoT, AI, and robotics. Key insights include the application of AI in real-world scenarios."
Data Science Summit,Ella Martinez,"IoT, robotics","This talk covers aspects of cloud, quantum, and IoT. Key insights include the application of cloud in real-world scenarios."
Quantum Computing Conference,Alice Johnson,"IoT, cybersecurity, machine learning","This talk covers aspects of robotics, cybersecurity, and machine learning. Key insights include the application of cybersecurity in real-world scenarios."
Data Science Summit,Bob Smith,"cloud, quantum, IoT, data science","This talk covers aspects of cybersecurity, quantum, and AI. Key insights include the application of AI in real-world scenarios."
Tech Innovate,David Wilson,"AI, cloud, robotics, cybersecurity, IoT","This talk covers aspects of data science, IoT, and cloud. Key insights include the application of data science in real-world scenarios."
Tech Innovate,Ella Martinez,"AI, cloud, robotics, data science, IoT","This talk covers aspects of quantum, AI, and machine learning. Key insights include the application of AI in real-world scenarios."
Data Science Summit,David Wilson,"AI, robotics","This talk covers aspects of IoT, robotics, and AI. Key insights include the application of AI in real-world scenarios."
Quantum Computing Conference,Alice Johnson,"data science, robotics, cybersecurity, cloud","This talk covers aspects of AI, IoT, and machine learning. Key insights include the application of IoT in real-world scenarios."
Cloud Expo,Frank Brown,"quantum, cloud, cybersecurity","This talk covers aspects of quantum, AI, and cybersecurity. Key insights include the application of cybersecurity in real-world scenarios."
Tech Innovate,David Wilson,"data science, quantum, IoT, robotics","This talk covers aspects of machine learning, AI, and cloud. Key insights include the application of cloud in real-world scenarios."
Data Science Summit,Ella Martinez,"cybersecurity, quantum, data science, IoT","This talk covers aspects of data science, cybersecurity, and cloud. Key insights include the application of cloud in real-world scenarios."
Cloud Expo,Cathy Lee,"data science, machine learning, IoT, AI","This talk covers aspects of machine learning, data science, and AI. Key insights include the application of AI in real-world scenarios."
Quantum Computing Conference,Ella Martinez,"robotics, cloud, machine learning","This talk covers aspects of data science, cloud, and robotics. Key insights include the application of cloud in real-world scenarios."
Quantum Computing Conference,Alice Johnson,"machine learning, cybersecurity","This talk covers aspects of robotics, IoT, and machine learning. Key insights include the application of IoT in real-world scenarios."
Data Science Summit,Alice Johnson,"machine learning, robotics, data science, cybersecurity, IoT","This talk covers aspects of robotics, cybersecurity, and cloud. Key insights include the application of cloud in real-world scenarios."
Future AI,Bob Smith,"AI, cloud, quantum, machine learning","This talk covers aspects of data science, quantum, and machine learning. Key insights include the application of machine learning in real-world scenarios."
Data Science Summit,Cathy Lee,"cybersecurity, AI, machine learning, data science","This talk covers aspects of quantum, cybersecurity, and data science. Key insights include the application of cybersecurity in real-world scenarios."
Cloud Expo,Bob Smith,"machine learning, AI","This talk covers aspects of IoT, quantum, and data science. Key insights include the application of data science in real-world scenarios."
Tech Innovate,Alice Johnson,"cybersecurity, machine learning","This talk covers aspects of machine learning, quantum, and cybersecurity. Key insights include the application of machine learning in real-world scenarios."
Quantum Computing Conference,Cathy Lee,"data science, machine learning","This talk covers aspects of machine learning, quantum, and robotics. Key insights include the application of robotics in real-world scenarios."
Future AI,David Wilson,"machine learning, data science, IoT, cloud","This talk covers aspects of quantum, data science, and cybersecurity. Key insights include the application of data science in real-world scenarios."
Quantum Computing Conference,David Wilson,"quantum, IoT, cloud, AI, data science","This talk covers aspects of IoT, data science, and cloud. Key insights include the application of IoT in real-world scenarios."
Future AI,David Wilson,"AI, cloud, data science, robotics","This talk covers aspects of data science, cybersecurity, and robotics. Key insights include the application of cybersecurity in real-world scenarios."
Cloud Expo,Frank Brown,"robotics, quantum, cloud, data science","This talk covers aspects of cybersecurity, robotics, and data science. Key insights include the application of cybersecurity in real-world scenarios."
Quantum Computing Conference,Bob Smith,"cybersecurity, robotics, IoT, cloud","This talk covers aspects of machine learning, cloud, and cybersecurity. Key insights include the application of cloud in real-world scenarios."
Cloud Expo,David Wilson,"data science, cybersecurity","This talk covers aspects of cloud, data science, and cybersecurity. Key insights include the application of cybersecurity in real-world scenarios."
Quantum Computing Conference,David Wilson,"cloud, quantum, robotics, cybersecurity, machine learning","This talk covers aspects of cloud, data science, and quantum. Key insights include the application of quantum in real-world scenarios."
Cloud Expo,Ella Martinez,"cybersecurity, AI, IoT, quantum, machine learning","This talk covers aspects of cloud, IoT, and data science. Key insights include the application of cloud in real-world scenarios."
Future AI,Frank Brown,"cloud, robotics, cybersecurity","This talk covers aspects of IoT, AI, and cloud. Key insights include the application of cloud in real-world scenarios."
Future AI,Cathy Lee,"robotics, data science","This talk covers aspects of IoT, cybersecurity, and AI. Key insights include the application of AI in real-world scenarios."
Tech Innovate,Ella Martinez,"AI, robotics, machine learning, cybersecurity, IoT","This talk covers aspects of quantum, robotics, and cloud. Key insights include the application of quantum in real-world scenarios."
Cloud Expo,Frank Brown,"IoT, machine learning, cloud","This talk covers aspects of machine learning, data science, and IoT. Key insights include the application of data science in real-world scenarios."
Tech Innovate,Cathy Lee,"AI, robotics, cloud, cybersecurity","This talk covers aspects of robotics, IoT, and cybersecurity. Key insights include the application of robotics in real-world scenarios."
Cloud Expo,Ella Martinez,"quantum, IoT, robotics","This talk covers aspects of cloud, IoT, and quantum. Key insights include the application of cloud in real-world scenarios."
Tech Innovate,Bob Smith,"cybersecurity, machine learning","This talk covers aspects of data science, cybersecurity, and IoT. Key insights include the application of cybersecurity in real-world scenarios."
Tech Innovate,Cathy Lee,"cloud, robotics","This talk covers aspects of IoT, quantum, and machine learning. Key insights include the application of machine learning in real-world scenarios."
Cloud Expo,Bob Smith,"quantum, data science, IoT, machine learning, cloud","This talk covers aspects of machine learning, quantum, and robotics. Key insights include the application of robotics in real-world scenarios."
Data Science Summit,Bob Smith,"machine learning, IoT, robotics","This talk covers aspects of data science, IoT, and cybersecurity. Key insights include the application of data science in real-world scenarios."
Cloud Expo,Bob Smith,"cybersecurity, AI","This talk covers aspects of cybersecurity, data science, and IoT. Key insights include the application of IoT in real-world scenarios."
Cloud Expo,Frank Brown,"cloud, machine learning, cybersecurity, quantum, IoT","This talk covers aspects of AI, IoT, and machine learning. Key insights include the application of AI in real-world scenarios."
Data Science Summit,Frank Brown,"machine learning, IoT, robotics, cybersecurity, AI","This talk covers aspects of cybersecurity, quantum, and cloud. Key insights include the application of cybersecurity in real-world scenarios."
Cloud Expo,Bob Smith,"cloud, robotics, machine learning","This talk covers aspects of machine learning, cybersecurity, and IoT. Key insights include the application of cybersecurity in real-world scenarios."
Data Science Summit,Ella Martinez,"AI, cloud, quantum, cybersecurity, IoT","This talk covers aspects of cybersecurity, cloud, and robotics. Key insights include the application of cybersecurity in real-world scenarios."
Quantum Computing Conference,Cathy Lee,"cybersecurity, data science","This talk covers aspects of IoT, machine learning, and data science. Key insights include the application of data science in real-world scenarios."
Future AI,Cathy Lee,"cloud, quantum, machine learning, IoT","This talk covers aspects of cloud, AI, and IoT. Key insights include the application of IoT in real-world scenarios."
Data Science Summit,Alice Johnson,"cybersecurity, data science, IoT","This talk covers aspects of quantum, machine learning, and IoT. Key insights include the application of quantum in real-world scenarios."
Quantum Computing Conference,Frank Brown,"machine learning, quantum, robotics","This talk covers aspects of robotics, cloud, and AI. Key insights include the application of AI in real-world scenarios."
Future AI,Cathy Lee,"cloud, IoT, cybersecurity, quantum, data science","This talk covers aspects of machine learning, robotics, and IoT. Key insights include the application of machine learning in real-world scenarios."
Tech Innovate,Cathy Lee,"machine learning, IoT, data science","This talk covers aspects of AI, data science, and IoT. Key insights include the application of IoT in real-world scenarios."
Tech Innovate,David Wilson,"cybersecurity, data science, IoT, robotics","This talk covers aspects of cloud, cybersecurity, and quantum. Key insights include the application of cybersecurity in real-world scenarios."
Quantum Computing Conference,Frank Brown,"robotics, cloud","This talk covers aspects of quantum, IoT, and data science. Key insights include the application of data science in real-world scenarios."
Quantum Computing Conference,Ella Martinez,"robotics, machine learning, cybersecurity","This talk covers aspects of quantum, machine learning, and robotics. Key insights include the application of quantum in real-world scenarios."
Future AI,Frank Brown,"AI, robotics, cloud, IoT","This talk covers aspects of AI, cloud, and quantum. Key insights include the application of AI in real-world scenarios."
Tech Innovate,Cathy Lee,"machine learning, cloud","This talk covers aspects of quantum, cloud, and robotics. Key insights include the application of quantum in real-world scenarios."
Cloud Expo,Cathy Lee,"cloud, quantum","This talk covers aspects of cybersecurity, quantum, and AI. Key insights include the application of quantum in real-world scenarios."
Tech Innovate,Bob Smith,"AI, robotics","This talk covers aspects of data science, machine learning, and cloud. Key insights include the application of data science in real-world scenarios."
Cloud Expo,Ella Martinez,"IoT, quantum, robotics","This talk covers aspects of data science, IoT, and machine learning. Key insights include the application of IoT in real-world scenarios."
Data Science Summit,Frank Brown,"robotics, cybersecurity, data science, AI, cloud","This talk covers aspects of cloud, robotics, and AI. Key insights include the application of AI in real-world scenarios."
Quantum Computing Conference,David Wilson,"robotics, AI, cloud","This talk covers aspects of cloud, IoT, and quantum. Key insights include the application of IoT in real-world scenarios."
Future AI,David Wilson,"cybersecurity, cloud, robotics, quantum","This talk covers aspects of IoT, robotics, and machine learning. Key insights include the application of robotics in real-world scenarios."
Quantum Computing Conference,David Wilson,"quantum, AI, robotics","This talk covers aspects of data science, cloud, and IoT. Key insights include the application of cloud in real-world scenarios."
Future AI,Frank Brown,"machine learning, AI","This talk covers aspects of quantum, cloud, and AI. Key insights include the application of quantum in real-world scenarios."
Tech Innovate,Alice Johnson,"robotics, data science, AI, cybersecurity, IoT","This talk covers aspects of cybersecurity, robotics, and data science. Key insights include the application of cybersecurity in real-world scenarios."
Data Science Summit,Frank Brown,"machine learning, quantum, cybersecurity, AI","This talk covers aspects of cloud, machine learning, and quantum. Key insights include the application of quantum in real-world scenarios."
Data Science Summit,Ella Martinez,"cloud, IoT","This talk covers aspects of IoT, machine learning, and robotics. Key insights include the application of IoT in real-world scenarios."
Cloud Expo,Frank Brown,"IoT, cloud","This talk covers aspects of quantum, IoT, and machine learning. Key insights include the application of IoT in real-world scenarios."
Cloud Expo,Shangen Chen,"AI, LLM","This talk covers aspects of quantum, IoT, and machine learning. Key insights include the application of IoT in real-world scenarios."
